condition,condition_label,seed,model,model_label,target,target_key,target_label,feature,feature_label,mean_abs_shap,rank,n_train,n_test
A',A' Tai Lake 5-common,-1,rf,Random Forest,T_THMs_ug_L,thm4,THM4,temp_C,Temperature,5.961760942920956,1,141,34
A',A' Tai Lake 5-common,-1,rf,Random Forest,T_THMs_ug_L,thm4,THM4,Br_mg_L,Bromide,1.607784424885116,2,141,34
A',A' Tai Lake 5-common,-1,rf,Random Forest,T_THMs_ug_L,thm4,THM4,TOC_mg_L,TOC,0.7199926807061244,3,141,34
A',A' Tai Lake 5-common,-1,rf,Random Forest,T_THMs_ug_L,thm4,THM4,pH,pH,0.5931532993849726,4,141,34
A',A' Tai Lake 5-common,-1,rf,Random Forest,T_THMs_ug_L,thm4,THM4,UV254_A_cm,UV254,0.37991255151428405,5,141,34
A',A' Tai Lake 5-common,-1,rf,Random Forest,DBCM_ug_L,dbcm,DBCM,temp_C,Temperature,1.6430345350886497,1,141,34
A',A' Tai Lake 5-common,-1,rf,Random Forest,DBCM_ug_L,dbcm,DBCM,Br_mg_L,Bromide,1.171865341475104,2,141,34
A',A' Tai Lake 5-common,-1,rf,Random Forest,DBCM_ug_L,dbcm,DBCM,TOC_mg_L,TOC,0.45439281562395695,3,141,34
A',A' Tai Lake 5-common,-1,rf,Random Forest,DBCM_ug_L,dbcm,DBCM,UV254_A_cm,UV254,0.2263384193552043,4,141,34
A',A' Tai Lake 5-common,-1,rf,Random Forest,DBCM_ug_L,dbcm,DBCM,pH,pH,0.22403462674858007,5,141,34
A',A' Tai Lake 5-common,-1,rf,Random Forest,BDCM_ug_L,bdcm,BDCM,temp_C,Temperature,1.0554923066228925,1,141,34
A',A' Tai Lake 5-common,-1,rf,Random Forest,BDCM_ug_L,bdcm,BDCM,UV254_A_cm,UV254,0.16239916435744853,2,141,34
A',A' Tai Lake 5-common,-1,rf,Random Forest,BDCM_ug_L,bdcm,BDCM,Br_mg_L,Bromide,0.14735667779714504,3,141,34
A',A' Tai Lake 5-common,-1,rf,Random Forest,BDCM_ug_L,bdcm,BDCM,pH,pH,0.12246160050334687,4,141,34
A',A' Tai Lake 5-common,-1,rf,Random Forest,BDCM_ug_L,bdcm,BDCM,TOC_mg_L,TOC,0.09480004460308032,5,141,34
A',A' Tai Lake 5-common,-1,xgb,XGBoost,T_THMs_ug_L,thm4,THM4,temp_C,Temperature,5.577694416046143,1,141,34
A',A' Tai Lake 5-common,-1,xgb,XGBoost,T_THMs_ug_L,thm4,THM4,Br_mg_L,Bromide,1.3673057556152344,2,141,34
A',A' Tai Lake 5-common,-1,xgb,XGBoost,T_THMs_ug_L,thm4,THM4,UV254_A_cm,UV254,0.7022324204444885,3,141,34
A',A' Tai Lake 5-common,-1,xgb,XGBoost,T_THMs_ug_L,thm4,THM4,TOC_mg_L,TOC,0.5786840319633484,4,141,34
A',A' Tai Lake 5-common,-1,xgb,XGBoost,T_THMs_ug_L,thm4,THM4,pH,pH,0.5248562693595886,5,141,34
A',A' Tai Lake 5-common,-1,xgb,XGBoost,DBCM_ug_L,dbcm,DBCM,temp_C,Temperature,1.7915517091751099,1,141,34
A',A' Tai Lake 5-common,-1,xgb,XGBoost,DBCM_ug_L,dbcm,DBCM,Br_mg_L,Bromide,1.2202415466308594,2,141,34
A',A' Tai Lake 5-common,-1,xgb,XGBoost,DBCM_ug_L,dbcm,DBCM,TOC_mg_L,TOC,0.3953542709350586,3,141,34
A',A' Tai Lake 5-common,-1,xgb,XGBoost,DBCM_ug_L,dbcm,DBCM,pH,pH,0.2626054584980011,4,141,34
A',A' Tai Lake 5-common,-1,xgb,XGBoost,DBCM_ug_L,dbcm,DBCM,UV254_A_cm,UV254,0.1615583598613739,5,141,34
A',A' Tai Lake 5-common,-1,xgb,XGBoost,BDCM_ug_L,bdcm,BDCM,temp_C,Temperature,1.0258958339691162,1,141,34
A',A' Tai Lake 5-common,-1,xgb,XGBoost,BDCM_ug_L,bdcm,BDCM,UV254_A_cm,UV254,0.3397309482097626,2,141,34
A',A' Tai Lake 5-common,-1,xgb,XGBoost,BDCM_ug_L,bdcm,BDCM,TOC_mg_L,TOC,0.24296174943447113,3,141,34
A',A' Tai Lake 5-common,-1,xgb,XGBoost,BDCM_ug_L,bdcm,BDCM,Br_mg_L,Bromide,0.24248437583446503,4,141,34
A',A' Tai Lake 5-common,-1,xgb,XGBoost,BDCM_ug_L,bdcm,BDCM,pH,pH,0.1326698511838913,5,141,34
B,B Dataset1 5-common (N=488),-1,rf,Random Forest,thm4_in_avg,thm4,THM4,toc_in_avg,TOC,42.43975379924827,1,382,106
B,B Dataset1 5-common (N=488),-1,rf,Random Forest,thm4_in_avg,thm4,THM4,br_in_avg,Bromide,18.491298358791756,2,382,106
B,B Dataset1 5-common (N=488),-1,rf,Random Forest,thm4_in_avg,thm4,THM4,uv_in_avg,UV254,18.13624807926405,3,382,106
B,B Dataset1 5-common (N=488),-1,rf,Random Forest,thm4_in_avg,thm4,THM4,temp_in_avg,Temperature,6.0074458618658015,4,382,106
B,B Dataset1 5-common (N=488),-1,rf,Random Forest,thm4_in_avg,thm4,THM4,ph_in_avg,pH,2.6787329877809025,5,382,106
B,B Dataset1 5-common (N=488),-1,rf,Random Forest,dbcm_in_avg,dbcm,DBCM,br_in_avg,Bromide,7.8930561066363945,1,382,106
B,B Dataset1 5-common (N=488),-1,rf,Random Forest,dbcm_in_avg,dbcm,DBCM,ph_in_avg,pH,2.483112227353991,2,382,106
B,B Dataset1 5-common (N=488),-1,rf,Random Forest,dbcm_in_avg,dbcm,DBCM,uv_in_avg,UV254,1.92465989643703,3,382,106
B,B Dataset1 5-common (N=488),-1,rf,Random Forest,dbcm_in_avg,dbcm,DBCM,temp_in_avg,Temperature,1.4403813715303155,4,382,106
B,B Dataset1 5-common (N=488),-1,rf,Random Forest,dbcm_in_avg,dbcm,DBCM,toc_in_avg,TOC,1.1957475789830523,5,382,106
B,B Dataset1 5-common (N=488),-1,rf,Random Forest,bdcm_in_avg,bdcm,BDCM,br_in_avg,Bromide,8.623355579482475,1,382,106
B,B Dataset1 5-common (N=488),-1,rf,Random Forest,bdcm_in_avg,bdcm,BDCM,uv_in_avg,UV254,3.819981887897621,2,382,106
B,B Dataset1 5-common (N=488),-1,rf,Random Forest,bdcm_in_avg,bdcm,BDCM,toc_in_avg,TOC,3.0547263055126366,3,382,106
B,B Dataset1 5-common (N=488),-1,rf,Random Forest,bdcm_in_avg,bdcm,BDCM,temp_in_avg,Temperature,0.9854070787033841,4,382,106
B,B Dataset1 5-common (N=488),-1,rf,Random Forest,bdcm_in_avg,bdcm,BDCM,ph_in_avg,pH,0.7028878208018976,5,382,106
B,B Dataset1 5-common (N=488),-1,xgb,XGBoost,thm4_in_avg,thm4,THM4,toc_in_avg,TOC,40.827415466308594,1,382,106
B,B Dataset1 5-common (N=488),-1,xgb,XGBoost,thm4_in_avg,thm4,THM4,br_in_avg,Bromide,19.400915145874023,2,382,106
B,B Dataset1 5-common (N=488),-1,xgb,XGBoost,thm4_in_avg,thm4,THM4,uv_in_avg,UV254,18.940744400024414,3,382,106
B,B Dataset1 5-common (N=488),-1,xgb,XGBoost,thm4_in_avg,thm4,THM4,ph_in_avg,pH,7.351789951324463,4,382,106
B,B Dataset1 5-common (N=488),-1,xgb,XGBoost,thm4_in_avg,thm4,THM4,temp_in_avg,Temperature,6.533158779144287,5,382,106
B,B Dataset1 5-common (N=488),-1,xgb,XGBoost,dbcm_in_avg,dbcm,DBCM,br_in_avg,Bromide,8.285307884216309,1,382,106
B,B Dataset1 5-common (N=488),-1,xgb,XGBoost,dbcm_in_avg,dbcm,DBCM,temp_in_avg,Temperature,2.448772430419922,2,382,106
B,B Dataset1 5-common (N=488),-1,xgb,XGBoost,dbcm_in_avg,dbcm,DBCM,uv_in_avg,UV254,2.3975892066955566,3,382,106
B,B Dataset1 5-common (N=488),-1,xgb,XGBoost,dbcm_in_avg,dbcm,DBCM,ph_in_avg,pH,1.7242168188095093,4,382,106
B,B Dataset1 5-common (N=488),-1,xgb,XGBoost,dbcm_in_avg,dbcm,DBCM,toc_in_avg,TOC,1.3068022727966309,5,382,106
B,B Dataset1 5-common (N=488),-1,xgb,XGBoost,bdcm_in_avg,bdcm,BDCM,br_in_avg,Bromide,8.525815963745117,1,382,106
B,B Dataset1 5-common (N=488),-1,xgb,XGBoost,bdcm_in_avg,bdcm,BDCM,uv_in_avg,UV254,3.5352444648742676,2,382,106
B,B Dataset1 5-common (N=488),-1,xgb,XGBoost,bdcm_in_avg,bdcm,BDCM,toc_in_avg,TOC,2.5389139652252197,3,382,106
B,B Dataset1 5-common (N=488),-1,xgb,XGBoost,bdcm_in_avg,bdcm,BDCM,temp_in_avg,Temperature,1.333847999572754,4,382,106
B,B Dataset1 5-common (N=488),-1,xgb,XGBoost,bdcm_in_avg,bdcm,BDCM,ph_in_avg,pH,1.0866155624389648,5,382,106
C,C Dataset1 6-feat (N=488),-1,rf,Random Forest,thm4_in_avg,thm4,THM4,cl2d_in_avg,Cl₂ dose,26.809056536992017,1,382,106
C,C Dataset1 6-feat (N=488),-1,rf,Random Forest,thm4_in_avg,thm4,THM4,toc_in_avg,TOC,23.72076834260718,2,382,106
C,C Dataset1 6-feat (N=488),-1,rf,Random Forest,thm4_in_avg,thm4,THM4,br_in_avg,Bromide,15.157871854087134,3,382,106
C,C Dataset1 6-feat (N=488),-1,rf,Random Forest,thm4_in_avg,thm4,THM4,uv_in_avg,UV254,12.096931981832247,4,382,106
C,C Dataset1 6-feat (N=488),-1,rf,Random Forest,thm4_in_avg,thm4,THM4,temp_in_avg,Temperature,2.8968076361626194,5,382,106
C,C Dataset1 6-feat (N=488),-1,rf,Random Forest,thm4_in_avg,thm4,THM4,ph_in_avg,pH,1.7137083968938343,6,382,106
C,C Dataset1 6-feat (N=488),-1,rf,Random Forest,dbcm_in_avg,dbcm,DBCM,br_in_avg,Bromide,7.01860956951753,1,382,106
C,C Dataset1 6-feat (N=488),-1,rf,Random Forest,dbcm_in_avg,dbcm,DBCM,ph_in_avg,pH,2.5784980743930688,2,382,106
C,C Dataset1 6-feat (N=488),-1,rf,Random Forest,dbcm_in_avg,dbcm,DBCM,cl2d_in_avg,Cl₂ dose,1.8647937376985033,3,382,106
C,C Dataset1 6-feat (N=488),-1,rf,Random Forest,dbcm_in_avg,dbcm,DBCM,uv_in_avg,UV254,1.6569423414039233,4,382,106
C,C Dataset1 6-feat (N=488),-1,rf,Random Forest,dbcm_in_avg,dbcm,DBCM,temp_in_avg,Temperature,1.1377296940269452,5,382,106
C,C Dataset1 6-feat (N=488),-1,rf,Random Forest,dbcm_in_avg,dbcm,DBCM,toc_in_avg,TOC,0.9911223377478281,6,382,106
C,C Dataset1 6-feat (N=488),-1,rf,Random Forest,bdcm_in_avg,bdcm,BDCM,br_in_avg,Bromide,8.685607297662482,1,382,106
C,C Dataset1 6-feat (N=488),-1,rf,Random Forest,bdcm_in_avg,bdcm,BDCM,cl2d_in_avg,Cl₂ dose,4.890113992664787,2,382,106
C,C Dataset1 6-feat (N=488),-1,rf,Random Forest,bdcm_in_avg,bdcm,BDCM,toc_in_avg,TOC,1.8494060363048648,3,382,106
C,C Dataset1 6-feat (N=488),-1,rf,Random Forest,bdcm_in_avg,bdcm,BDCM,uv_in_avg,UV254,1.7880476121322926,4,382,106
C,C Dataset1 6-feat (N=488),-1,rf,Random Forest,bdcm_in_avg,bdcm,BDCM,temp_in_avg,Temperature,0.5627837544359626,5,382,106
C,C Dataset1 6-feat (N=488),-1,rf,Random Forest,bdcm_in_avg,bdcm,BDCM,ph_in_avg,pH,0.5214463794271703,6,382,106
C,C Dataset1 6-feat (N=488),-1,xgb,XGBoost,thm4_in_avg,thm4,THM4,cl2d_in_avg,Cl₂ dose,29.87950325012207,1,382,106
C,C Dataset1 6-feat (N=488),-1,xgb,XGBoost,thm4_in_avg,thm4,THM4,toc_in_avg,TOC,20.064634323120117,2,382,106
C,C Dataset1 6-feat (N=488),-1,xgb,XGBoost,thm4_in_avg,thm4,THM4,br_in_avg,Bromide,16.572744369506836,3,382,106
C,C Dataset1 6-feat (N=488),-1,xgb,XGBoost,thm4_in_avg,thm4,THM4,uv_in_avg,UV254,8.030576705932617,4,382,106
C,C Dataset1 6-feat (N=488),-1,xgb,XGBoost,thm4_in_avg,thm4,THM4,ph_in_avg,pH,4.161872386932373,5,382,106
C,C Dataset1 6-feat (N=488),-1,xgb,XGBoost,thm4_in_avg,thm4,THM4,temp_in_avg,Temperature,3.2054619789123535,6,382,106
C,C Dataset1 6-feat (N=488),-1,xgb,XGBoost,dbcm_in_avg,dbcm,DBCM,br_in_avg,Bromide,8.36944580078125,1,382,106
C,C Dataset1 6-feat (N=488),-1,xgb,XGBoost,dbcm_in_avg,dbcm,DBCM,temp_in_avg,Temperature,2.1435067653656006,2,382,106
C,C Dataset1 6-feat (N=488),-1,xgb,XGBoost,dbcm_in_avg,dbcm,DBCM,uv_in_avg,UV254,1.759624719619751,3,382,106
C,C Dataset1 6-feat (N=488),-1,xgb,XGBoost,dbcm_in_avg,dbcm,DBCM,ph_in_avg,pH,1.4305123090744019,4,382,106
C,C Dataset1 6-feat (N=488),-1,xgb,XGBoost,dbcm_in_avg,dbcm,DBCM,cl2d_in_avg,Cl₂ dose,1.2964228391647339,5,382,106
C,C Dataset1 6-feat (N=488),-1,xgb,XGBoost,dbcm_in_avg,dbcm,DBCM,toc_in_avg,TOC,1.0192350149154663,6,382,106
C,C Dataset1 6-feat (N=488),-1,xgb,XGBoost,bdcm_in_avg,bdcm,BDCM,br_in_avg,Bromide,8.632101058959961,1,382,106
C,C Dataset1 6-feat (N=488),-1,xgb,XGBoost,bdcm_in_avg,bdcm,BDCM,cl2d_in_avg,Cl₂ dose,4.020895957946777,2,382,106
C,C Dataset1 6-feat (N=488),-1,xgb,XGBoost,bdcm_in_avg,bdcm,BDCM,uv_in_avg,UV254,2.167590379714966,3,382,106
C,C Dataset1 6-feat (N=488),-1,xgb,XGBoost,bdcm_in_avg,bdcm,BDCM,toc_in_avg,TOC,1.905573844909668,4,382,106
C,C Dataset1 6-feat (N=488),-1,xgb,XGBoost,bdcm_in_avg,bdcm,BDCM,ph_in_avg,pH,0.8197011351585388,5,382,106
C,C Dataset1 6-feat (N=488),-1,xgb,XGBoost,bdcm_in_avg,bdcm,BDCM,temp_in_avg,Temperature,0.7322127223014832,6,382,106
D,D Dataset1 5-common (N=175),1,rf,Random Forest,thm4_in_avg,thm4,THM4,uv_in_avg,UV254,30.109180855995493,1,141,34
D,D Dataset1 5-common (N=175),1,rf,Random Forest,thm4_in_avg,thm4,THM4,toc_in_avg,TOC,29.77749775936591,2,141,34
D,D Dataset1 5-common (N=175),1,rf,Random Forest,thm4_in_avg,thm4,THM4,br_in_avg,Bromide,19.583605021722818,3,141,34
D,D Dataset1 5-common (N=175),1,rf,Random Forest,thm4_in_avg,thm4,THM4,ph_in_avg,pH,4.664806265859407,4,141,34
D,D Dataset1 5-common (N=175),1,rf,Random Forest,thm4_in_avg,thm4,THM4,temp_in_avg,Temperature,2.5386886196109435,5,141,34
D,D Dataset1 5-common (N=175),1,xgb,XGBoost,thm4_in_avg,thm4,THM4,uv_in_avg,UV254,30.734403610229492,1,141,34
D,D Dataset1 5-common (N=175),1,xgb,XGBoost,thm4_in_avg,thm4,THM4,toc_in_avg,TOC,25.775602340698242,2,141,34
D,D Dataset1 5-common (N=175),1,xgb,XGBoost,thm4_in_avg,thm4,THM4,br_in_avg,Bromide,16.28447723388672,3,141,34
D,D Dataset1 5-common (N=175),1,xgb,XGBoost,thm4_in_avg,thm4,THM4,ph_in_avg,pH,4.830190181732178,4,141,34
D,D Dataset1 5-common (N=175),1,xgb,XGBoost,thm4_in_avg,thm4,THM4,temp_in_avg,Temperature,4.5308122634887695,5,141,34
D,D Dataset1 5-common (N=175),1,rf,Random Forest,dbcm_in_avg,dbcm,DBCM,br_in_avg,Bromide,9.095264313495708,1,141,34
D,D Dataset1 5-common (N=175),1,rf,Random Forest,dbcm_in_avg,dbcm,DBCM,ph_in_avg,pH,3.0082516019756644,2,141,34
D,D Dataset1 5-common (N=175),1,rf,Random Forest,dbcm_in_avg,dbcm,DBCM,uv_in_avg,UV254,2.4648338706143234,3,141,34
D,D Dataset1 5-common (N=175),1,rf,Random Forest,dbcm_in_avg,dbcm,DBCM,toc_in_avg,TOC,1.2884474628691232,4,141,34
D,D Dataset1 5-common (N=175),1,rf,Random Forest,dbcm_in_avg,dbcm,DBCM,temp_in_avg,Temperature,1.030239771893936,5,141,34
D,D Dataset1 5-common (N=175),1,xgb,XGBoost,dbcm_in_avg,dbcm,DBCM,br_in_avg,Bromide,9.665400505065918,1,141,34
D,D Dataset1 5-common (N=175),1,xgb,XGBoost,dbcm_in_avg,dbcm,DBCM,ph_in_avg,pH,2.705141544342041,2,141,34
D,D Dataset1 5-common (N=175),1,xgb,XGBoost,dbcm_in_avg,dbcm,DBCM,uv_in_avg,UV254,2.5164315700531006,3,141,34
D,D Dataset1 5-common (N=175),1,xgb,XGBoost,dbcm_in_avg,dbcm,DBCM,temp_in_avg,Temperature,1.9301739931106567,4,141,34
D,D Dataset1 5-common (N=175),1,xgb,XGBoost,dbcm_in_avg,dbcm,DBCM,toc_in_avg,TOC,1.4713314771652222,5,141,34
D,D Dataset1 5-common (N=175),1,rf,Random Forest,bdcm_in_avg,bdcm,BDCM,br_in_avg,Bromide,10.263564873647281,1,141,34
D,D Dataset1 5-common (N=175),1,rf,Random Forest,bdcm_in_avg,bdcm,BDCM,uv_in_avg,UV254,4.856466035744456,2,141,34
D,D Dataset1 5-common (N=175),1,rf,Random Forest,bdcm_in_avg,bdcm,BDCM,toc_in_avg,TOC,3.573001166304542,3,141,34
D,D Dataset1 5-common (N=175),1,rf,Random Forest,bdcm_in_avg,bdcm,BDCM,temp_in_avg,Temperature,0.8250835816787969,4,141,34
D,D Dataset1 5-common (N=175),1,rf,Random Forest,bdcm_in_avg,bdcm,BDCM,ph_in_avg,pH,0.7461169083277641,5,141,34
D,D Dataset1 5-common (N=175),1,xgb,XGBoost,bdcm_in_avg,bdcm,BDCM,br_in_avg,Bromide,9.407218933105469,1,141,34
D,D Dataset1 5-common (N=175),1,xgb,XGBoost,bdcm_in_avg,bdcm,BDCM,uv_in_avg,UV254,5.7627272605896,2,141,34
D,D Dataset1 5-common (N=175),1,xgb,XGBoost,bdcm_in_avg,bdcm,BDCM,toc_in_avg,TOC,2.319768190383911,3,141,34
D,D Dataset1 5-common (N=175),1,xgb,XGBoost,bdcm_in_avg,bdcm,BDCM,ph_in_avg,pH,1.1437156200408936,4,141,34
D,D Dataset1 5-common (N=175),1,xgb,XGBoost,bdcm_in_avg,bdcm,BDCM,temp_in_avg,Temperature,0.7336052656173706,5,141,34
D,D Dataset1 5-common (N=175),2,rf,Random Forest,thm4_in_avg,thm4,THM4,uv_in_avg,UV254,32.75908234289802,1,141,34
D,D Dataset1 5-common (N=175),2,rf,Random Forest,thm4_in_avg,thm4,THM4,toc_in_avg,TOC,29.250978883359846,2,141,34
D,D Dataset1 5-common (N=175),2,rf,Random Forest,thm4_in_avg,thm4,THM4,br_in_avg,Bromide,16.01522847075178,3,141,34
D,D Dataset1 5-common (N=175),2,rf,Random Forest,thm4_in_avg,thm4,THM4,temp_in_avg,Temperature,5.8945563952017475,4,141,34
D,D Dataset1 5-common (N=175),2,rf,Random Forest,thm4_in_avg,thm4,THM4,ph_in_avg,pH,4.60536366684658,5,141,34
D,D Dataset1 5-common (N=175),2,xgb,XGBoost,thm4_in_avg,thm4,THM4,uv_in_avg,UV254,32.531219482421875,1,141,34
D,D Dataset1 5-common (N=175),2,xgb,XGBoost,thm4_in_avg,thm4,THM4,toc_in_avg,TOC,20.495052337646484,2,141,34
D,D Dataset1 5-common (N=175),2,xgb,XGBoost,thm4_in_avg,thm4,THM4,br_in_avg,Bromide,12.94627571105957,3,141,34
D,D Dataset1 5-common (N=175),2,xgb,XGBoost,thm4_in_avg,thm4,THM4,temp_in_avg,Temperature,7.93006706237793,4,141,34
D,D Dataset1 5-common (N=175),2,xgb,XGBoost,thm4_in_avg,thm4,THM4,ph_in_avg,pH,3.789957284927368,5,141,34
D,D Dataset1 5-common (N=175),2,rf,Random Forest,dbcm_in_avg,dbcm,DBCM,br_in_avg,Bromide,11.36310181397221,1,141,34
D,D Dataset1 5-common (N=175),2,rf,Random Forest,dbcm_in_avg,dbcm,DBCM,ph_in_avg,pH,2.877332757978287,2,141,34
D,D Dataset1 5-common (N=175),2,rf,Random Forest,dbcm_in_avg,dbcm,DBCM,uv_in_avg,UV254,2.20701293730951,3,141,34
D,D Dataset1 5-common (N=175),2,rf,Random Forest,dbcm_in_avg,dbcm,DBCM,temp_in_avg,Temperature,1.6259160436612892,4,141,34
D,D Dataset1 5-common (N=175),2,rf,Random Forest,dbcm_in_avg,dbcm,DBCM,toc_in_avg,TOC,0.7685333521322049,5,141,34
D,D Dataset1 5-common (N=175),2,xgb,XGBoost,dbcm_in_avg,dbcm,DBCM,br_in_avg,Bromide,11.734642028808594,1,141,34
D,D Dataset1 5-common (N=175),2,xgb,XGBoost,dbcm_in_avg,dbcm,DBCM,uv_in_avg,UV254,2.5056934356689453,2,141,34
D,D Dataset1 5-common (N=175),2,xgb,XGBoost,dbcm_in_avg,dbcm,DBCM,temp_in_avg,Temperature,2.1078271865844727,3,141,34
D,D Dataset1 5-common (N=175),2,xgb,XGBoost,dbcm_in_avg,dbcm,DBCM,ph_in_avg,pH,2.031463384628296,4,141,34
D,D Dataset1 5-common (N=175),2,xgb,XGBoost,dbcm_in_avg,dbcm,DBCM,toc_in_avg,TOC,1.7302281856536865,5,141,34
D,D Dataset1 5-common (N=175),2,rf,Random Forest,bdcm_in_avg,bdcm,BDCM,br_in_avg,Bromide,9.664151938729376,1,141,34
D,D Dataset1 5-common (N=175),2,rf,Random Forest,bdcm_in_avg,bdcm,BDCM,uv_in_avg,UV254,5.087109130742745,2,141,34
D,D Dataset1 5-common (N=175),2,rf,Random Forest,bdcm_in_avg,bdcm,BDCM,toc_in_avg,TOC,3.2071373257250846,3,141,34
D,D Dataset1 5-common (N=175),2,rf,Random Forest,bdcm_in_avg,bdcm,BDCM,temp_in_avg,Temperature,0.8109542534085045,4,141,34
D,D Dataset1 5-common (N=175),2,rf,Random Forest,bdcm_in_avg,bdcm,BDCM,ph_in_avg,pH,0.6851610832987476,5,141,34
D,D Dataset1 5-common (N=175),2,xgb,XGBoost,bdcm_in_avg,bdcm,BDCM,br_in_avg,Bromide,8.982087135314941,1,141,34
D,D Dataset1 5-common (N=175),2,xgb,XGBoost,bdcm_in_avg,bdcm,BDCM,uv_in_avg,UV254,5.212295055389404,2,141,34
D,D Dataset1 5-common (N=175),2,xgb,XGBoost,bdcm_in_avg,bdcm,BDCM,toc_in_avg,TOC,2.2392804622650146,3,141,34
D,D Dataset1 5-common (N=175),2,xgb,XGBoost,bdcm_in_avg,bdcm,BDCM,temp_in_avg,Temperature,0.9945120215415955,4,141,34
D,D Dataset1 5-common (N=175),2,xgb,XGBoost,bdcm_in_avg,bdcm,BDCM,ph_in_avg,pH,0.752083957195282,5,141,34
D,D Dataset1 5-common (N=175),3,rf,Random Forest,thm4_in_avg,thm4,THM4,toc_in_avg,TOC,30.901761700286524,1,141,34
D,D Dataset1 5-common (N=175),3,rf,Random Forest,thm4_in_avg,thm4,THM4,uv_in_avg,UV254,24.199049757811366,2,141,34
D,D Dataset1 5-common (N=175),3,rf,Random Forest,thm4_in_avg,thm4,THM4,br_in_avg,Bromide,23.00785331007405,3,141,34
D,D Dataset1 5-common (N=175),3,rf,Random Forest,thm4_in_avg,thm4,THM4,temp_in_avg,Temperature,4.51341200582314,4,141,34
D,D Dataset1 5-common (N=175),3,rf,Random Forest,thm4_in_avg,thm4,THM4,ph_in_avg,pH,3.33607683683707,5,141,34
D,D Dataset1 5-common (N=175),3,xgb,XGBoost,thm4_in_avg,thm4,THM4,toc_in_avg,TOC,33.032135009765625,1,141,34
D,D Dataset1 5-common (N=175),3,xgb,XGBoost,thm4_in_avg,thm4,THM4,uv_in_avg,UV254,20.930870056152344,2,141,34
D,D Dataset1 5-common (N=175),3,xgb,XGBoost,thm4_in_avg,thm4,THM4,br_in_avg,Bromide,17.475963592529297,3,141,34
D,D Dataset1 5-common (N=175),3,xgb,XGBoost,thm4_in_avg,thm4,THM4,temp_in_avg,Temperature,5.439667701721191,4,141,34
D,D Dataset1 5-common (N=175),3,xgb,XGBoost,thm4_in_avg,thm4,THM4,ph_in_avg,pH,3.4788074493408203,5,141,34
D,D Dataset1 5-common (N=175),3,rf,Random Forest,dbcm_in_avg,dbcm,DBCM,br_in_avg,Bromide,12.24343963868178,1,141,34
D,D Dataset1 5-common (N=175),3,rf,Random Forest,dbcm_in_avg,dbcm,DBCM,ph_in_avg,pH,2.758877525141331,2,141,34
D,D Dataset1 5-common (N=175),3,rf,Random Forest,dbcm_in_avg,dbcm,DBCM,uv_in_avg,UV254,2.420760574891594,3,141,34
D,D Dataset1 5-common (N=175),3,rf,Random Forest,dbcm_in_avg,dbcm,DBCM,toc_in_avg,TOC,1.490821219332327,4,141,34
D,D Dataset1 5-common (N=175),3,rf,Random Forest,dbcm_in_avg,dbcm,DBCM,temp_in_avg,Temperature,1.4054726358989098,5,141,34
D,D Dataset1 5-common (N=175),3,xgb,XGBoost,dbcm_in_avg,dbcm,DBCM,br_in_avg,Bromide,10.972949981689453,1,141,34
D,D Dataset1 5-common (N=175),3,xgb,XGBoost,dbcm_in_avg,dbcm,DBCM,uv_in_avg,UV254,2.359731912612915,2,141,34
D,D Dataset1 5-common (N=175),3,xgb,XGBoost,dbcm_in_avg,dbcm,DBCM,temp_in_avg,Temperature,2.1961498260498047,3,141,34
D,D Dataset1 5-common (N=175),3,xgb,XGBoost,dbcm_in_avg,dbcm,DBCM,ph_in_avg,pH,1.5726804733276367,4,141,34
D,D Dataset1 5-common (N=175),3,xgb,XGBoost,dbcm_in_avg,dbcm,DBCM,toc_in_avg,TOC,1.0361802577972412,5,141,34
D,D Dataset1 5-common (N=175),3,rf,Random Forest,bdcm_in_avg,bdcm,BDCM,br_in_avg,Bromide,8.178529353277455,1,141,34
D,D Dataset1 5-common (N=175),3,rf,Random Forest,bdcm_in_avg,bdcm,BDCM,toc_in_avg,TOC,4.953973035700639,2,141,34
D,D Dataset1 5-common (N=175),3,rf,Random Forest,bdcm_in_avg,bdcm,BDCM,uv_in_avg,UV254,3.925147755449849,3,141,34
D,D Dataset1 5-common (N=175),3,rf,Random Forest,bdcm_in_avg,bdcm,BDCM,temp_in_avg,Temperature,0.7974738399665721,4,141,34
D,D Dataset1 5-common (N=175),3,rf,Random Forest,bdcm_in_avg,bdcm,BDCM,ph_in_avg,pH,0.742892500589962,5,141,34
D,D Dataset1 5-common (N=175),3,xgb,XGBoost,bdcm_in_avg,bdcm,BDCM,br_in_avg,Bromide,8.756179809570312,1,141,34
D,D Dataset1 5-common (N=175),3,xgb,XGBoost,bdcm_in_avg,bdcm,BDCM,toc_in_avg,TOC,4.062272071838379,2,141,34
D,D Dataset1 5-common (N=175),3,xgb,XGBoost,bdcm_in_avg,bdcm,BDCM,uv_in_avg,UV254,3.980229139328003,3,141,34
D,D Dataset1 5-common (N=175),3,xgb,XGBoost,bdcm_in_avg,bdcm,BDCM,ph_in_avg,pH,0.9910451173782349,4,141,34
D,D Dataset1 5-common (N=175),3,xgb,XGBoost,bdcm_in_avg,bdcm,BDCM,temp_in_avg,Temperature,0.9833635687828064,5,141,34
D,D Dataset1 5-common (N=175),4,rf,Random Forest,thm4_in_avg,thm4,THM4,toc_in_avg,TOC,31.319108988666525,1,141,34
D,D Dataset1 5-common (N=175),4,rf,Random Forest,thm4_in_avg,thm4,THM4,br_in_avg,Bromide,20.091860716823266,2,141,34
D,D Dataset1 5-common (N=175),4,rf,Random Forest,thm4_in_avg,thm4,THM4,uv_in_avg,UV254,17.485300339726603,3,141,34
D,D Dataset1 5-common (N=175),4,rf,Random Forest,thm4_in_avg,thm4,THM4,ph_in_avg,pH,4.784513186258175,4,141,34
D,D Dataset1 5-common (N=175),4,rf,Random Forest,thm4_in_avg,thm4,THM4,temp_in_avg,Temperature,2.5379512274422957,5,141,34
D,D Dataset1 5-common (N=175),4,xgb,XGBoost,thm4_in_avg,thm4,THM4,toc_in_avg,TOC,35.72279739379883,1,141,34
D,D Dataset1 5-common (N=175),4,xgb,XGBoost,thm4_in_avg,thm4,THM4,br_in_avg,Bromide,18.686012268066406,2,141,34
D,D Dataset1 5-common (N=175),4,xgb,XGBoost,thm4_in_avg,thm4,THM4,uv_in_avg,UV254,11.600747108459473,3,141,34
D,D Dataset1 5-common (N=175),4,xgb,XGBoost,thm4_in_avg,thm4,THM4,ph_in_avg,pH,5.631683349609375,4,141,34
D,D Dataset1 5-common (N=175),4,xgb,XGBoost,thm4_in_avg,thm4,THM4,temp_in_avg,Temperature,3.687047004699707,5,141,34
D,D Dataset1 5-common (N=175),4,rf,Random Forest,dbcm_in_avg,dbcm,DBCM,br_in_avg,Bromide,10.417259838633143,1,141,34
D,D Dataset1 5-common (N=175),4,rf,Random Forest,dbcm_in_avg,dbcm,DBCM,ph_in_avg,pH,2.8469096582986233,2,141,34
D,D Dataset1 5-common (N=175),4,rf,Random Forest,dbcm_in_avg,dbcm,DBCM,uv_in_avg,UV254,2.4813556411663815,3,141,34
D,D Dataset1 5-common (N=175),4,rf,Random Forest,dbcm_in_avg,dbcm,DBCM,temp_in_avg,Temperature,1.426475742295607,4,141,34
D,D Dataset1 5-common (N=175),4,rf,Random Forest,dbcm_in_avg,dbcm,DBCM,toc_in_avg,TOC,1.0173982009947657,5,141,34
D,D Dataset1 5-common (N=175),4,xgb,XGBoost,dbcm_in_avg,dbcm,DBCM,br_in_avg,Bromide,11.724206924438477,1,141,34
D,D Dataset1 5-common (N=175),4,xgb,XGBoost,dbcm_in_avg,dbcm,DBCM,ph_in_avg,pH,2.113348960876465,2,141,34
D,D Dataset1 5-common (N=175),4,xgb,XGBoost,dbcm_in_avg,dbcm,DBCM,temp_in_avg,Temperature,2.0077426433563232,3,141,34
D,D Dataset1 5-common (N=175),4,xgb,XGBoost,dbcm_in_avg,dbcm,DBCM,uv_in_avg,UV254,1.7675158977508545,4,141,34
D,D Dataset1 5-common (N=175),4,xgb,XGBoost,dbcm_in_avg,dbcm,DBCM,toc_in_avg,TOC,0.8529687523841858,5,141,34
D,D Dataset1 5-common (N=175),4,rf,Random Forest,bdcm_in_avg,bdcm,BDCM,br_in_avg,Bromide,9.159548549386468,1,141,34
D,D Dataset1 5-common (N=175),4,rf,Random Forest,bdcm_in_avg,bdcm,BDCM,uv_in_avg,UV254,3.875929751898452,2,141,34
D,D Dataset1 5-common (N=175),4,rf,Random Forest,bdcm_in_avg,bdcm,BDCM,toc_in_avg,TOC,3.8692691256523006,3,141,34
D,D Dataset1 5-common (N=175),4,rf,Random Forest,bdcm_in_avg,bdcm,BDCM,ph_in_avg,pH,0.9157881717151357,4,141,34
D,D Dataset1 5-common (N=175),4,rf,Random Forest,bdcm_in_avg,bdcm,BDCM,temp_in_avg,Temperature,0.6764855256989688,5,141,34
D,D Dataset1 5-common (N=175),4,xgb,XGBoost,bdcm_in_avg,bdcm,BDCM,br_in_avg,Bromide,9.24905776977539,1,141,34
D,D Dataset1 5-common (N=175),4,xgb,XGBoost,bdcm_in_avg,bdcm,BDCM,uv_in_avg,UV254,3.4730241298675537,2,141,34
D,D Dataset1 5-common (N=175),4,xgb,XGBoost,bdcm_in_avg,bdcm,BDCM,toc_in_avg,TOC,3.0535471439361572,3,141,34
D,D Dataset1 5-common (N=175),4,xgb,XGBoost,bdcm_in_avg,bdcm,BDCM,ph_in_avg,pH,1.1084972620010376,4,141,34
D,D Dataset1 5-common (N=175),4,xgb,XGBoost,bdcm_in_avg,bdcm,BDCM,temp_in_avg,Temperature,0.7698878645896912,5,141,34
D,D Dataset1 5-common (N=175),5,rf,Random Forest,thm4_in_avg,thm4,THM4,toc_in_avg,TOC,36.078211988329,1,141,34
D,D Dataset1 5-common (N=175),5,rf,Random Forest,thm4_in_avg,thm4,THM4,uv_in_avg,UV254,20.672362713787795,2,141,34
D,D Dataset1 5-common (N=175),5,rf,Random Forest,thm4_in_avg,thm4,THM4,br_in_avg,Bromide,13.449162173896246,3,141,34
D,D Dataset1 5-common (N=175),5,rf,Random Forest,thm4_in_avg,thm4,THM4,temp_in_avg,Temperature,8.067644708884115,4,141,34
D,D Dataset1 5-common (N=175),5,rf,Random Forest,thm4_in_avg,thm4,THM4,ph_in_avg,pH,4.999582995359191,5,141,34
D,D Dataset1 5-common (N=175),5,xgb,XGBoost,thm4_in_avg,thm4,THM4,toc_in_avg,TOC,41.645774841308594,1,141,34
D,D Dataset1 5-common (N=175),5,xgb,XGBoost,thm4_in_avg,thm4,THM4,uv_in_avg,UV254,14.24935531616211,2,141,34
D,D Dataset1 5-common (N=175),5,xgb,XGBoost,thm4_in_avg,thm4,THM4,br_in_avg,Bromide,10.809337615966797,3,141,34
D,D Dataset1 5-common (N=175),5,xgb,XGBoost,thm4_in_avg,thm4,THM4,temp_in_avg,Temperature,8.615867614746094,4,141,34
D,D Dataset1 5-common (N=175),5,xgb,XGBoost,thm4_in_avg,thm4,THM4,ph_in_avg,pH,6.299073219299316,5,141,34
D,D Dataset1 5-common (N=175),5,rf,Random Forest,dbcm_in_avg,dbcm,DBCM,br_in_avg,Bromide,8.65966229025518,1,141,34
D,D Dataset1 5-common (N=175),5,rf,Random Forest,dbcm_in_avg,dbcm,DBCM,ph_in_avg,pH,2.2513635861986314,2,141,34
D,D Dataset1 5-common (N=175),5,rf,Random Forest,dbcm_in_avg,dbcm,DBCM,temp_in_avg,Temperature,1.9171702627636995,3,141,34
D,D Dataset1 5-common (N=175),5,rf,Random Forest,dbcm_in_avg,dbcm,DBCM,uv_in_avg,UV254,1.7162766746033418,4,141,34
D,D Dataset1 5-common (N=175),5,rf,Random Forest,dbcm_in_avg,dbcm,DBCM,toc_in_avg,TOC,1.0163306166861528,5,141,34
D,D Dataset1 5-common (N=175),5,xgb,XGBoost,dbcm_in_avg,dbcm,DBCM,br_in_avg,Bromide,8.79131031036377,1,141,34
D,D Dataset1 5-common (N=175),5,xgb,XGBoost,dbcm_in_avg,dbcm,DBCM,temp_in_avg,Temperature,2.0012967586517334,2,141,34
D,D Dataset1 5-common (N=175),5,xgb,XGBoost,dbcm_in_avg,dbcm,DBCM,ph_in_avg,pH,1.7841598987579346,3,141,34
D,D Dataset1 5-common (N=175),5,xgb,XGBoost,dbcm_in_avg,dbcm,DBCM,uv_in_avg,UV254,1.7002630233764648,4,141,34
D,D Dataset1 5-common (N=175),5,xgb,XGBoost,dbcm_in_avg,dbcm,DBCM,toc_in_avg,TOC,0.35772839188575745,5,141,34
D,D Dataset1 5-common (N=175),5,rf,Random Forest,bdcm_in_avg,bdcm,BDCM,toc_in_avg,TOC,6.771230533141648,1,141,34
D,D Dataset1 5-common (N=175),5,rf,Random Forest,bdcm_in_avg,bdcm,BDCM,br_in_avg,Bromide,5.899279092016386,2,141,34
D,D Dataset1 5-common (N=175),5,rf,Random Forest,bdcm_in_avg,bdcm,BDCM,uv_in_avg,UV254,2.695681521240278,3,141,34
D,D Dataset1 5-common (N=175),5,rf,Random Forest,bdcm_in_avg,bdcm,BDCM,temp_in_avg,Temperature,0.6844596039034152,4,141,34
D,D Dataset1 5-common (N=175),5,rf,Random Forest,bdcm_in_avg,bdcm,BDCM,ph_in_avg,pH,0.5838863491186682,5,141,34
D,D Dataset1 5-common (N=175),5,xgb,XGBoost,bdcm_in_avg,bdcm,BDCM,toc_in_avg,TOC,8.029182434082031,1,141,34
D,D Dataset1 5-common (N=175),5,xgb,XGBoost,bdcm_in_avg,bdcm,BDCM,br_in_avg,Bromide,4.781775951385498,2,141,34
D,D Dataset1 5-common (N=175),5,xgb,XGBoost,bdcm_in_avg,bdcm,BDCM,uv_in_avg,UV254,2.119497537612915,3,141,34
D,D Dataset1 5-common (N=175),5,xgb,XGBoost,bdcm_in_avg,bdcm,BDCM,temp_in_avg,Temperature,0.942193329334259,4,141,34
D,D Dataset1 5-common (N=175),5,xgb,XGBoost,bdcm_in_avg,bdcm,BDCM,ph_in_avg,pH,0.7794327735900879,5,141,34
E,E Dataset1 6-feat (N=175),1,rf,Random Forest,thm4_in_avg,thm4,THM4,cl2d_in_avg,Cl₂ dose,43.3318062491099,1,141,34
E,E Dataset1 6-feat (N=175),1,rf,Random Forest,thm4_in_avg,thm4,THM4,toc_in_avg,TOC,17.913753050993485,2,141,34
E,E Dataset1 6-feat (N=175),1,rf,Random Forest,thm4_in_avg,thm4,THM4,uv_in_avg,UV254,14.953560221430436,3,141,34
E,E Dataset1 6-feat (N=175),1,rf,Random Forest,thm4_in_avg,thm4,THM4,br_in_avg,Bromide,13.466274572833912,4,141,34
E,E Dataset1 6-feat (N=175),1,rf,Random Forest,thm4_in_avg,thm4,THM4,temp_in_avg,Temperature,3.635601387388489,5,141,34
E,E Dataset1 6-feat (N=175),1,rf,Random Forest,thm4_in_avg,thm4,THM4,ph_in_avg,pH,2.960253126802804,6,141,34
E,E Dataset1 6-feat (N=175),1,xgb,XGBoost,thm4_in_avg,thm4,THM4,cl2d_in_avg,Cl₂ dose,43.50846862792969,1,141,34
E,E Dataset1 6-feat (N=175),1,xgb,XGBoost,thm4_in_avg,thm4,THM4,uv_in_avg,UV254,21.275259017944336,2,141,34
E,E Dataset1 6-feat (N=175),1,xgb,XGBoost,thm4_in_avg,thm4,THM4,toc_in_avg,TOC,13.472943305969238,3,141,34
E,E Dataset1 6-feat (N=175),1,xgb,XGBoost,thm4_in_avg,thm4,THM4,br_in_avg,Bromide,10.851905822753906,4,141,34
E,E Dataset1 6-feat (N=175),1,xgb,XGBoost,thm4_in_avg,thm4,THM4,temp_in_avg,Temperature,3.2895402908325195,5,141,34
E,E Dataset1 6-feat (N=175),1,xgb,XGBoost,thm4_in_avg,thm4,THM4,ph_in_avg,pH,2.3766841888427734,6,141,34
E,E Dataset1 6-feat (N=175),1,rf,Random Forest,dbcm_in_avg,dbcm,DBCM,br_in_avg,Bromide,7.965675578815141,1,141,34
E,E Dataset1 6-feat (N=175),1,rf,Random Forest,dbcm_in_avg,dbcm,DBCM,ph_in_avg,pH,2.7353051119096157,2,141,34
E,E Dataset1 6-feat (N=175),1,rf,Random Forest,dbcm_in_avg,dbcm,DBCM,cl2d_in_avg,Cl₂ dose,2.1682068294046353,3,141,34
E,E Dataset1 6-feat (N=175),1,rf,Random Forest,dbcm_in_avg,dbcm,DBCM,uv_in_avg,UV254,1.6959874978246603,4,141,34
E,E Dataset1 6-feat (N=175),1,rf,Random Forest,dbcm_in_avg,dbcm,DBCM,toc_in_avg,TOC,0.8826958103863295,5,141,34
E,E Dataset1 6-feat (N=175),1,rf,Random Forest,dbcm_in_avg,dbcm,DBCM,temp_in_avg,Temperature,0.7992872784495685,6,141,34
E,E Dataset1 6-feat (N=175),1,xgb,XGBoost,dbcm_in_avg,dbcm,DBCM,br_in_avg,Bromide,8.917332649230957,1,141,34
E,E Dataset1 6-feat (N=175),1,xgb,XGBoost,dbcm_in_avg,dbcm,DBCM,ph_in_avg,pH,1.8198683261871338,2,141,34
E,E Dataset1 6-feat (N=175),1,xgb,XGBoost,dbcm_in_avg,dbcm,DBCM,temp_in_avg,Temperature,1.494446873664856,3,141,34
E,E Dataset1 6-feat (N=175),1,xgb,XGBoost,dbcm_in_avg,dbcm,DBCM,uv_in_avg,UV254,1.3699761629104614,4,141,34
E,E Dataset1 6-feat (N=175),1,xgb,XGBoost,dbcm_in_avg,dbcm,DBCM,cl2d_in_avg,Cl₂ dose,1.236372709274292,5,141,34
E,E Dataset1 6-feat (N=175),1,xgb,XGBoost,dbcm_in_avg,dbcm,DBCM,toc_in_avg,TOC,0.22344695031642914,6,141,34
E,E Dataset1 6-feat (N=175),1,rf,Random Forest,bdcm_in_avg,bdcm,BDCM,cl2d_in_avg,Cl₂ dose,8.613641677739011,1,141,34
E,E Dataset1 6-feat (N=175),1,rf,Random Forest,bdcm_in_avg,bdcm,BDCM,br_in_avg,Bromide,7.9361911970364245,2,141,34
E,E Dataset1 6-feat (N=175),1,rf,Random Forest,bdcm_in_avg,bdcm,BDCM,uv_in_avg,UV254,1.866605401360096,3,141,34
E,E Dataset1 6-feat (N=175),1,rf,Random Forest,bdcm_in_avg,bdcm,BDCM,toc_in_avg,TOC,1.7139474233613554,4,141,34
E,E Dataset1 6-feat (N=175),1,rf,Random Forest,bdcm_in_avg,bdcm,BDCM,temp_in_avg,Temperature,0.6053450418909777,5,141,34
E,E Dataset1 6-feat (N=175),1,rf,Random Forest,bdcm_in_avg,bdcm,BDCM,ph_in_avg,pH,0.4684532839401361,6,141,34
E,E Dataset1 6-feat (N=175),1,xgb,XGBoost,bdcm_in_avg,bdcm,BDCM,cl2d_in_avg,Cl₂ dose,7.823330879211426,1,141,34
E,E Dataset1 6-feat (N=175),1,xgb,XGBoost,bdcm_in_avg,bdcm,BDCM,br_in_avg,Bromide,6.642082214355469,2,141,34
E,E Dataset1 6-feat (N=175),1,xgb,XGBoost,bdcm_in_avg,bdcm,BDCM,uv_in_avg,UV254,3.322615623474121,3,141,34
E,E Dataset1 6-feat (N=175),1,xgb,XGBoost,bdcm_in_avg,bdcm,BDCM,ph_in_avg,pH,0.8449463248252869,4,141,34
E,E Dataset1 6-feat (N=175),1,xgb,XGBoost,bdcm_in_avg,bdcm,BDCM,toc_in_avg,TOC,0.5671526193618774,5,141,34
E,E Dataset1 6-feat (N=175),1,xgb,XGBoost,bdcm_in_avg,bdcm,BDCM,temp_in_avg,Temperature,0.4834466278553009,6,141,34
E,E Dataset1 6-feat (N=175),2,rf,Random Forest,thm4_in_avg,thm4,THM4,cl2d_in_avg,Cl₂ dose,38.44844289723782,1,141,34
E,E Dataset1 6-feat (N=175),2,rf,Random Forest,thm4_in_avg,thm4,THM4,uv_in_avg,UV254,16.976772281439736,2,141,34
E,E Dataset1 6-feat (N=175),2,rf,Random Forest,thm4_in_avg,thm4,THM4,toc_in_avg,TOC,16.94598865877728,3,141,34
E,E Dataset1 6-feat (N=175),2,rf,Random Forest,thm4_in_avg,thm4,THM4,br_in_avg,Bromide,12.496249271250985,4,141,34
E,E Dataset1 6-feat (N=175),2,rf,Random Forest,thm4_in_avg,thm4,THM4,temp_in_avg,Temperature,4.817165473462735,5,141,34
E,E Dataset1 6-feat (N=175),2,rf,Random Forest,thm4_in_avg,thm4,THM4,ph_in_avg,pH,2.2577565200816987,6,141,34
E,E Dataset1 6-feat (N=175),2,xgb,XGBoost,thm4_in_avg,thm4,THM4,cl2d_in_avg,Cl₂ dose,44.64406204223633,1,141,34
E,E Dataset1 6-feat (N=175),2,xgb,XGBoost,thm4_in_avg,thm4,THM4,uv_in_avg,UV254,11.539199829101562,2,141,34
E,E Dataset1 6-feat (N=175),2,xgb,XGBoost,thm4_in_avg,thm4,THM4,br_in_avg,Bromide,10.597040176391602,3,141,34
E,E Dataset1 6-feat (N=175),2,xgb,XGBoost,thm4_in_avg,thm4,THM4,toc_in_avg,TOC,5.477975368499756,4,141,34
E,E Dataset1 6-feat (N=175),2,xgb,XGBoost,thm4_in_avg,thm4,THM4,temp_in_avg,Temperature,2.6912152767181396,5,141,34
E,E Dataset1 6-feat (N=175),2,xgb,XGBoost,thm4_in_avg,thm4,THM4,ph_in_avg,pH,1.789772629737854,6,141,34
E,E Dataset1 6-feat (N=175),2,rf,Random Forest,dbcm_in_avg,dbcm,DBCM,br_in_avg,Bromide,9.720275529788111,1,141,34
E,E Dataset1 6-feat (N=175),2,rf,Random Forest,dbcm_in_avg,dbcm,DBCM,ph_in_avg,pH,2.8651368741528973,2,141,34
E,E Dataset1 6-feat (N=175),2,rf,Random Forest,dbcm_in_avg,dbcm,DBCM,cl2d_in_avg,Cl₂ dose,2.3291258477735517,3,141,34
E,E Dataset1 6-feat (N=175),2,rf,Random Forest,dbcm_in_avg,dbcm,DBCM,uv_in_avg,UV254,1.7304885189838626,4,141,34
E,E Dataset1 6-feat (N=175),2,rf,Random Forest,dbcm_in_avg,dbcm,DBCM,temp_in_avg,Temperature,1.200853109183852,5,141,34
E,E Dataset1 6-feat (N=175),2,rf,Random Forest,dbcm_in_avg,dbcm,DBCM,toc_in_avg,TOC,0.7547195708431659,6,141,34
E,E Dataset1 6-feat (N=175),2,xgb,XGBoost,dbcm_in_avg,dbcm,DBCM,br_in_avg,Bromide,12.124104499816895,1,141,34
E,E Dataset1 6-feat (N=175),2,xgb,XGBoost,dbcm_in_avg,dbcm,DBCM,uv_in_avg,UV254,1.8399382829666138,2,141,34
E,E Dataset1 6-feat (N=175),2,xgb,XGBoost,dbcm_in_avg,dbcm,DBCM,temp_in_avg,Temperature,1.8107619285583496,3,141,34
E,E Dataset1 6-feat (N=175),2,xgb,XGBoost,dbcm_in_avg,dbcm,DBCM,cl2d_in_avg,Cl₂ dose,1.7950668334960938,4,141,34
E,E Dataset1 6-feat (N=175),2,xgb,XGBoost,dbcm_in_avg,dbcm,DBCM,ph_in_avg,pH,1.6391253471374512,5,141,34
E,E Dataset1 6-feat (N=175),2,xgb,XGBoost,dbcm_in_avg,dbcm,DBCM,toc_in_avg,TOC,0.7790207862854004,6,141,34
E,E Dataset1 6-feat (N=175),2,rf,Random Forest,bdcm_in_avg,bdcm,BDCM,cl2d_in_avg,Cl₂ dose,9.002082287673344,1,141,34
E,E Dataset1 6-feat (N=175),2,rf,Random Forest,bdcm_in_avg,bdcm,BDCM,br_in_avg,Bromide,7.209617173275554,2,141,34
E,E Dataset1 6-feat (N=175),2,rf,Random Forest,bdcm_in_avg,bdcm,BDCM,uv_in_avg,UV254,1.4437333773208874,3,141,34
E,E Dataset1 6-feat (N=175),2,rf,Random Forest,bdcm_in_avg,bdcm,BDCM,toc_in_avg,TOC,0.7212494489960307,4,141,34
E,E Dataset1 6-feat (N=175),2,rf,Random Forest,bdcm_in_avg,bdcm,BDCM,ph_in_avg,pH,0.6757282155553546,5,141,34
E,E Dataset1 6-feat (N=175),2,rf,Random Forest,bdcm_in_avg,bdcm,BDCM,temp_in_avg,Temperature,0.48752443936694817,6,141,34
E,E Dataset1 6-feat (N=175),2,xgb,XGBoost,bdcm_in_avg,bdcm,BDCM,cl2d_in_avg,Cl₂ dose,8.865169525146484,1,141,34
E,E Dataset1 6-feat (N=175),2,xgb,XGBoost,bdcm_in_avg,bdcm,BDCM,br_in_avg,Bromide,6.6705002784729,2,141,34
E,E Dataset1 6-feat (N=175),2,xgb,XGBoost,bdcm_in_avg,bdcm,BDCM,uv_in_avg,UV254,1.1355842351913452,3,141,34
E,E Dataset1 6-feat (N=175),2,xgb,XGBoost,bdcm_in_avg,bdcm,BDCM,toc_in_avg,TOC,0.82187819480896,4,141,34
E,E Dataset1 6-feat (N=175),2,xgb,XGBoost,bdcm_in_avg,bdcm,BDCM,ph_in_avg,pH,0.4207829236984253,5,141,34
E,E Dataset1 6-feat (N=175),2,xgb,XGBoost,bdcm_in_avg,bdcm,BDCM,temp_in_avg,Temperature,0.4120519459247589,6,141,34
E,E Dataset1 6-feat (N=175),3,rf,Random Forest,thm4_in_avg,thm4,THM4,toc_in_avg,TOC,23.747902214611656,1,141,34
E,E Dataset1 6-feat (N=175),3,rf,Random Forest,thm4_in_avg,thm4,THM4,br_in_avg,Bromide,20.104463802059115,2,141,34
E,E Dataset1 6-feat (N=175),3,rf,Random Forest,thm4_in_avg,thm4,THM4,cl2d_in_avg,Cl₂ dose,19.855185485296506,3,141,34
E,E Dataset1 6-feat (N=175),3,rf,Random Forest,thm4_in_avg,thm4,THM4,uv_in_avg,UV254,16.89846386443111,4,141,34
E,E Dataset1 6-feat (N=175),3,rf,Random Forest,thm4_in_avg,thm4,THM4,temp_in_avg,Temperature,4.106844098709579,5,141,34
E,E Dataset1 6-feat (N=175),3,rf,Random Forest,thm4_in_avg,thm4,THM4,ph_in_avg,pH,2.8444961139251275,6,141,34
E,E Dataset1 6-feat (N=175),3,xgb,XGBoost,thm4_in_avg,thm4,THM4,cl2d_in_avg,Cl₂ dose,23.237831115722656,1,141,34
E,E Dataset1 6-feat (N=175),3,xgb,XGBoost,thm4_in_avg,thm4,THM4,br_in_avg,Bromide,20.432689666748047,2,141,34
E,E Dataset1 6-feat (N=175),3,xgb,XGBoost,thm4_in_avg,thm4,THM4,toc_in_avg,TOC,18.3443660736084,3,141,34
E,E Dataset1 6-feat (N=175),3,xgb,XGBoost,thm4_in_avg,thm4,THM4,uv_in_avg,UV254,16.811893463134766,4,141,34
E,E Dataset1 6-feat (N=175),3,xgb,XGBoost,thm4_in_avg,thm4,THM4,temp_in_avg,Temperature,4.089909076690674,5,141,34
E,E Dataset1 6-feat (N=175),3,xgb,XGBoost,thm4_in_avg,thm4,THM4,ph_in_avg,pH,3.0569076538085938,6,141,34
E,E Dataset1 6-feat (N=175),3,rf,Random Forest,dbcm_in_avg,dbcm,DBCM,br_in_avg,Bromide,11.614303541339922,1,141,34
E,E Dataset1 6-feat (N=175),3,rf,Random Forest,dbcm_in_avg,dbcm,DBCM,cl2d_in_avg,Cl₂ dose,3.116188915025543,2,141,34
E,E Dataset1 6-feat (N=175),3,rf,Random Forest,dbcm_in_avg,dbcm,DBCM,ph_in_avg,pH,2.742852225273568,3,141,34
E,E Dataset1 6-feat (N=175),3,rf,Random Forest,dbcm_in_avg,dbcm,DBCM,uv_in_avg,UV254,1.8564009032341455,4,141,34
E,E Dataset1 6-feat (N=175),3,rf,Random Forest,dbcm_in_avg,dbcm,DBCM,toc_in_avg,TOC,1.3076394159618814,5,141,34
E,E Dataset1 6-feat (N=175),3,rf,Random Forest,dbcm_in_avg,dbcm,DBCM,temp_in_avg,Temperature,1.1124127076164674,6,141,34
E,E Dataset1 6-feat (N=175),3,xgb,XGBoost,dbcm_in_avg,dbcm,DBCM,br_in_avg,Bromide,11.890190124511719,1,141,34
E,E Dataset1 6-feat (N=175),3,xgb,XGBoost,dbcm_in_avg,dbcm,DBCM,cl2d_in_avg,Cl₂ dose,2.76989483833313,2,141,34
E,E Dataset1 6-feat (N=175),3,xgb,XGBoost,dbcm_in_avg,dbcm,DBCM,temp_in_avg,Temperature,1.7339367866516113,3,141,34
E,E Dataset1 6-feat (N=175),3,xgb,XGBoost,dbcm_in_avg,dbcm,DBCM,uv_in_avg,UV254,1.4237602949142456,4,141,34
E,E Dataset1 6-feat (N=175),3,xgb,XGBoost,dbcm_in_avg,dbcm,DBCM,ph_in_avg,pH,1.3821285963058472,5,141,34
E,E Dataset1 6-feat (N=175),3,xgb,XGBoost,dbcm_in_avg,dbcm,DBCM,toc_in_avg,TOC,0.5129563212394714,6,141,34
E,E Dataset1 6-feat (N=175),3,rf,Random Forest,bdcm_in_avg,bdcm,BDCM,br_in_avg,Bromide,8.623060858625738,1,141,34
E,E Dataset1 6-feat (N=175),3,rf,Random Forest,bdcm_in_avg,bdcm,BDCM,cl2d_in_avg,Cl₂ dose,5.019781123193146,2,141,34
E,E Dataset1 6-feat (N=175),3,rf,Random Forest,bdcm_in_avg,bdcm,BDCM,toc_in_avg,TOC,3.509916802217991,3,141,34
E,E Dataset1 6-feat (N=175),3,rf,Random Forest,bdcm_in_avg,bdcm,BDCM,uv_in_avg,UV254,2.1627655195955358,4,141,34
E,E Dataset1 6-feat (N=175),3,rf,Random Forest,bdcm_in_avg,bdcm,BDCM,temp_in_avg,Temperature,0.7170004752563033,5,141,34
E,E Dataset1 6-feat (N=175),3,rf,Random Forest,bdcm_in_avg,bdcm,BDCM,ph_in_avg,pH,0.42906479161182703,6,141,34
E,E Dataset1 6-feat (N=175),3,xgb,XGBoost,bdcm_in_avg,bdcm,BDCM,br_in_avg,Bromide,9.047871589660645,1,141,34
E,E Dataset1 6-feat (N=175),3,xgb,XGBoost,bdcm_in_avg,bdcm,BDCM,cl2d_in_avg,Cl₂ dose,5.8397698402404785,2,141,34
E,E Dataset1 6-feat (N=175),3,xgb,XGBoost,bdcm_in_avg,bdcm,BDCM,uv_in_avg,UV254,2.6554720401763916,3,141,34
E,E Dataset1 6-feat (N=175),3,xgb,XGBoost,bdcm_in_avg,bdcm,BDCM,toc_in_avg,TOC,2.0188090801239014,4,141,34
E,E Dataset1 6-feat (N=175),3,xgb,XGBoost,bdcm_in_avg,bdcm,BDCM,ph_in_avg,pH,0.800440788269043,5,141,34
E,E Dataset1 6-feat (N=175),3,xgb,XGBoost,bdcm_in_avg,bdcm,BDCM,temp_in_avg,Temperature,0.7274605631828308,6,141,34
E,E Dataset1 6-feat (N=175),4,rf,Random Forest,thm4_in_avg,thm4,THM4,cl2d_in_avg,Cl₂ dose,30.835623198359425,1,141,34
E,E Dataset1 6-feat (N=175),4,rf,Random Forest,thm4_in_avg,thm4,THM4,toc_in_avg,TOC,13.674900518083078,2,141,34
E,E Dataset1 6-feat (N=175),4,rf,Random Forest,thm4_in_avg,thm4,THM4,br_in_avg,Bromide,12.54227618799661,3,141,34
E,E Dataset1 6-feat (N=175),4,rf,Random Forest,thm4_in_avg,thm4,THM4,uv_in_avg,UV254,9.401040455106164,4,141,34
E,E Dataset1 6-feat (N=175),4,rf,Random Forest,thm4_in_avg,thm4,THM4,temp_in_avg,Temperature,2.4829824374810716,5,141,34
E,E Dataset1 6-feat (N=175),4,rf,Random Forest,thm4_in_avg,thm4,THM4,ph_in_avg,pH,2.1911946083013114,6,141,34
E,E Dataset1 6-feat (N=175),4,xgb,XGBoost,thm4_in_avg,thm4,THM4,cl2d_in_avg,Cl₂ dose,39.333038330078125,1,141,34
E,E Dataset1 6-feat (N=175),4,xgb,XGBoost,thm4_in_avg,thm4,THM4,toc_in_avg,TOC,14.178967475891113,2,141,34
E,E Dataset1 6-feat (N=175),4,xgb,XGBoost,thm4_in_avg,thm4,THM4,br_in_avg,Bromide,12.235597610473633,3,141,34
E,E Dataset1 6-feat (N=175),4,xgb,XGBoost,thm4_in_avg,thm4,THM4,temp_in_avg,Temperature,3.5681636333465576,4,141,34
E,E Dataset1 6-feat (N=175),4,xgb,XGBoost,thm4_in_avg,thm4,THM4,uv_in_avg,UV254,3.1823012828826904,5,141,34
E,E Dataset1 6-feat (N=175),4,xgb,XGBoost,thm4_in_avg,thm4,THM4,ph_in_avg,pH,2.821833848953247,6,141,34
E,E Dataset1 6-feat (N=175),4,rf,Random Forest,dbcm_in_avg,dbcm,DBCM,br_in_avg,Bromide,8.827811461985988,1,141,34
E,E Dataset1 6-feat (N=175),4,rf,Random Forest,dbcm_in_avg,dbcm,DBCM,cl2d_in_avg,Cl₂ dose,2.400473029317208,2,141,34
E,E Dataset1 6-feat (N=175),4,rf,Random Forest,dbcm_in_avg,dbcm,DBCM,ph_in_avg,pH,2.3329913872120467,3,141,34
E,E Dataset1 6-feat (N=175),4,rf,Random Forest,dbcm_in_avg,dbcm,DBCM,uv_in_avg,UV254,1.4962278804355618,4,141,34
E,E Dataset1 6-feat (N=175),4,rf,Random Forest,dbcm_in_avg,dbcm,DBCM,temp_in_avg,Temperature,1.172967415408911,5,141,34
E,E Dataset1 6-feat (N=175),4,rf,Random Forest,dbcm_in_avg,dbcm,DBCM,toc_in_avg,TOC,0.9611263621447141,6,141,34
E,E Dataset1 6-feat (N=175),4,xgb,XGBoost,dbcm_in_avg,dbcm,DBCM,br_in_avg,Bromide,11.62759780883789,1,141,34
E,E Dataset1 6-feat (N=175),4,xgb,XGBoost,dbcm_in_avg,dbcm,DBCM,cl2d_in_avg,Cl₂ dose,1.6375914812088013,2,141,34
E,E Dataset1 6-feat (N=175),4,xgb,XGBoost,dbcm_in_avg,dbcm,DBCM,temp_in_avg,Temperature,1.4959567785263062,3,141,34
E,E Dataset1 6-feat (N=175),4,xgb,XGBoost,dbcm_in_avg,dbcm,DBCM,ph_in_avg,pH,1.4746993780136108,4,141,34
E,E Dataset1 6-feat (N=175),4,xgb,XGBoost,dbcm_in_avg,dbcm,DBCM,uv_in_avg,UV254,0.9069530367851257,5,141,34
E,E Dataset1 6-feat (N=175),4,xgb,XGBoost,dbcm_in_avg,dbcm,DBCM,toc_in_avg,TOC,0.3042374551296234,6,141,34
E,E Dataset1 6-feat (N=175),4,rf,Random Forest,bdcm_in_avg,bdcm,BDCM,cl2d_in_avg,Cl₂ dose,8.173571416518753,1,141,34
E,E Dataset1 6-feat (N=175),4,rf,Random Forest,bdcm_in_avg,bdcm,BDCM,br_in_avg,Bromide,7.174935862941706,2,141,34
E,E Dataset1 6-feat (N=175),4,rf,Random Forest,bdcm_in_avg,bdcm,BDCM,toc_in_avg,TOC,1.4151190593532847,3,141,34
E,E Dataset1 6-feat (N=175),4,rf,Random Forest,bdcm_in_avg,bdcm,BDCM,uv_in_avg,UV254,0.6958432746101181,4,141,34
E,E Dataset1 6-feat (N=175),4,rf,Random Forest,bdcm_in_avg,bdcm,BDCM,ph_in_avg,pH,0.5353497407958534,5,141,34
E,E Dataset1 6-feat (N=175),4,rf,Random Forest,bdcm_in_avg,bdcm,BDCM,temp_in_avg,Temperature,0.4247435666893563,6,141,34
E,E Dataset1 6-feat (N=175),4,xgb,XGBoost,bdcm_in_avg,bdcm,BDCM,cl2d_in_avg,Cl₂ dose,8.21296215057373,1,141,34
E,E Dataset1 6-feat (N=175),4,xgb,XGBoost,bdcm_in_avg,bdcm,BDCM,br_in_avg,Bromide,6.725680351257324,2,141,34
E,E Dataset1 6-feat (N=175),4,xgb,XGBoost,bdcm_in_avg,bdcm,BDCM,toc_in_avg,TOC,0.8868115544319153,3,141,34
E,E Dataset1 6-feat (N=175),4,xgb,XGBoost,bdcm_in_avg,bdcm,BDCM,uv_in_avg,UV254,0.6422862410545349,4,141,34
E,E Dataset1 6-feat (N=175),4,xgb,XGBoost,bdcm_in_avg,bdcm,BDCM,temp_in_avg,Temperature,0.47148245573043823,5,141,34
E,E Dataset1 6-feat (N=175),4,xgb,XGBoost,bdcm_in_avg,bdcm,BDCM,ph_in_avg,pH,0.4678221046924591,6,141,34
E,E Dataset1 6-feat (N=175),5,rf,Random Forest,thm4_in_avg,thm4,THM4,cl2d_in_avg,Cl₂ dose,27.990612168740665,1,141,34
E,E Dataset1 6-feat (N=175),5,rf,Random Forest,thm4_in_avg,thm4,THM4,toc_in_avg,TOC,23.826266275759618,2,141,34
E,E Dataset1 6-feat (N=175),5,rf,Random Forest,thm4_in_avg,thm4,THM4,uv_in_avg,UV254,13.545594781633387,3,141,34
E,E Dataset1 6-feat (N=175),5,rf,Random Forest,thm4_in_avg,thm4,THM4,br_in_avg,Bromide,13.526805658410126,4,141,34
E,E Dataset1 6-feat (N=175),5,rf,Random Forest,thm4_in_avg,thm4,THM4,temp_in_avg,Temperature,4.704729209344372,5,141,34
E,E Dataset1 6-feat (N=175),5,rf,Random Forest,thm4_in_avg,thm4,THM4,ph_in_avg,pH,2.660946623908159,6,141,34
E,E Dataset1 6-feat (N=175),5,xgb,XGBoost,thm4_in_avg,thm4,THM4,toc_in_avg,TOC,34.06311798095703,1,141,34
E,E Dataset1 6-feat (N=175),5,xgb,XGBoost,thm4_in_avg,thm4,THM4,cl2d_in_avg,Cl₂ dose,26.19038200378418,2,141,34
E,E Dataset1 6-feat (N=175),5,xgb,XGBoost,thm4_in_avg,thm4,THM4,br_in_avg,Bromide,8.891557693481445,3,141,34
E,E Dataset1 6-feat (N=175),5,xgb,XGBoost,thm4_in_avg,thm4,THM4,uv_in_avg,UV254,6.325821399688721,4,141,34
E,E Dataset1 6-feat (N=175),5,xgb,XGBoost,thm4_in_avg,thm4,THM4,temp_in_avg,Temperature,4.597036838531494,5,141,34
E,E Dataset1 6-feat (N=175),5,xgb,XGBoost,thm4_in_avg,thm4,THM4,ph_in_avg,pH,2.263399600982666,6,141,34
E,E Dataset1 6-feat (N=175),5,rf,Random Forest,dbcm_in_avg,dbcm,DBCM,br_in_avg,Bromide,7.891911210131307,1,141,34
E,E Dataset1 6-feat (N=175),5,rf,Random Forest,dbcm_in_avg,dbcm,DBCM,ph_in_avg,pH,2.2215940207518265,2,141,34
E,E Dataset1 6-feat (N=175),5,rf,Random Forest,dbcm_in_avg,dbcm,DBCM,temp_in_avg,Temperature,1.4761765148058825,3,141,34
E,E Dataset1 6-feat (N=175),5,rf,Random Forest,dbcm_in_avg,dbcm,DBCM,uv_in_avg,UV254,1.4524327959956602,4,141,34
E,E Dataset1 6-feat (N=175),5,rf,Random Forest,dbcm_in_avg,dbcm,DBCM,cl2d_in_avg,Cl₂ dose,1.3965632407321948,5,141,34
E,E Dataset1 6-feat (N=175),5,rf,Random Forest,dbcm_in_avg,dbcm,DBCM,toc_in_avg,TOC,1.0697870781975338,6,141,34
E,E Dataset1 6-feat (N=175),5,xgb,XGBoost,dbcm_in_avg,dbcm,DBCM,br_in_avg,Bromide,8.317839622497559,1,141,34
E,E Dataset1 6-feat (N=175),5,xgb,XGBoost,dbcm_in_avg,dbcm,DBCM,temp_in_avg,Temperature,1.8978798389434814,2,141,34
E,E Dataset1 6-feat (N=175),5,xgb,XGBoost,dbcm_in_avg,dbcm,DBCM,uv_in_avg,UV254,1.351146936416626,3,141,34
E,E Dataset1 6-feat (N=175),5,xgb,XGBoost,dbcm_in_avg,dbcm,DBCM,ph_in_avg,pH,1.33114492893219,4,141,34
E,E Dataset1 6-feat (N=175),5,xgb,XGBoost,dbcm_in_avg,dbcm,DBCM,cl2d_in_avg,Cl₂ dose,0.8092688322067261,5,141,34
E,E Dataset1 6-feat (N=175),5,xgb,XGBoost,dbcm_in_avg,dbcm,DBCM,toc_in_avg,TOC,0.2569293975830078,6,141,34
E,E Dataset1 6-feat (N=175),5,rf,Random Forest,bdcm_in_avg,bdcm,BDCM,toc_in_avg,TOC,6.965216547891683,1,141,34
E,E Dataset1 6-feat (N=175),5,rf,Random Forest,bdcm_in_avg,bdcm,BDCM,br_in_avg,Bromide,5.717506928977492,2,141,34
E,E Dataset1 6-feat (N=175),5,rf,Random Forest,bdcm_in_avg,bdcm,BDCM,cl2d_in_avg,Cl₂ dose,3.0328449330116887,3,141,34
E,E Dataset1 6-feat (N=175),5,rf,Random Forest,bdcm_in_avg,bdcm,BDCM,uv_in_avg,UV254,1.355590835326662,4,141,34
E,E Dataset1 6-feat (N=175),5,rf,Random Forest,bdcm_in_avg,bdcm,BDCM,temp_in_avg,Temperature,0.5630726261851926,5,141,34
E,E Dataset1 6-feat (N=175),5,rf,Random Forest,bdcm_in_avg,bdcm,BDCM,ph_in_avg,pH,0.4984024498780679,6,141,34
E,E Dataset1 6-feat (N=175),5,xgb,XGBoost,bdcm_in_avg,bdcm,BDCM,toc_in_avg,TOC,7.746776103973389,1,141,34
E,E Dataset1 6-feat (N=175),5,xgb,XGBoost,bdcm_in_avg,bdcm,BDCM,br_in_avg,Bromide,4.555119514465332,2,141,34
E,E Dataset1 6-feat (N=175),5,xgb,XGBoost,bdcm_in_avg,bdcm,BDCM,cl2d_in_avg,Cl₂ dose,2.5414841175079346,3,141,34
E,E Dataset1 6-feat (N=175),5,xgb,XGBoost,bdcm_in_avg,bdcm,BDCM,uv_in_avg,UV254,1.090301513671875,4,141,34
E,E Dataset1 6-feat (N=175),5,xgb,XGBoost,bdcm_in_avg,bdcm,BDCM,ph_in_avg,pH,0.8062297701835632,5,141,34
E,E Dataset1 6-feat (N=175),5,xgb,XGBoost,bdcm_in_avg,bdcm,BDCM,temp_in_avg,Temperature,0.37939709424972534,6,141,34
